Question,Answer,Label
What is needed to get into BIIT?,You must have completed F.Sc   I.CS   or A-levels with at least 50% marks. Some programs may have extra requirements.,Admissions
Do A-level students need 50% marks for BIIT?,Yes  A-level students must have at least 50% marks to apply.,Admissions
Which A-level subjects are accepted by BIIT?,A-levels in Pre-Engineering  Pre-Medical  or Computer Science are accepted.,Admissions
Can F.Sc Pre-Medical students apply to BIIT?,Yes  F.Sc Pre-Medical students can apply to BIIT.,Admissions
Is I.CS qualification accepted for BIIT admissions?,Yes  I.CS is valid for applying to BIIT.,Admissions
What F.Sc programs are eligible for BIIT?,F.Sc Pre-Engineering and Pre-Medical are eligible.,Admissions
Can diploma holders apply to BIIT?,Yes  diploma holders equivalent to Intermediate or A-levels can apply.,Admissions
Are there other requirements besides grades for BIIT?,Yes  you need documents and may have to take an entrance test.,Admissions
How is the percentage for BIIT calculated?,It is based on marks in key subjects.,Admissions
Can commerce students apply to BIIT?,Yes  commerce students can apply if they meet the criteria.,Admissions
Is there an age limit to apply to BIIT?,No  there is usually no age limit.,Admissions
What documents are needed for BIIT admission?,Transcripts  certificates  CNIC or B-Form,Admissions
Does BIIT consider O-level grades?,Yes  but A-level or Intermediate results are more important.,Admissions
Is an entrance test required for BIIT?,Some programs may require it.,Admissions
Can students waiting for results apply to BIIT?,Yes  they can apply provisionally.,Admissions
How does BIIT check academic records?,By reviewing original documents and attesting them.,Admissions
Which boards does BIIT recognize?,BIIT recognizes HEC-approved boards.,Admissions
Are international A-levels accepted at BIIT?,Yes  if recognized by authorities.,Admissions
What happens if I don’t meet BIIT’s criteria?,You may need to improve your qualifications or apply for another program.,Admissions
Can I appeal if my BIIT application is rejected?,Yes  you can appeal with extra documents or clarifications.,Admissions
What are BIIT’s eligibility rules?,You need F.Sc  I.CS  or A-levels with 50% marks.,Admissions
Do A-levels need specific marks for BIIT?,Yes  50% marks are required for A-levels.,Admissions
What subjects in A-levels are accepted?,Pre-Engineering   Pre-Medical  and Computer Science.,Admissions
Can Pre-Medical students apply to BIIT?,Yes  they are eligible to apply.,Admissions
Is I.CS accepted at BIIT?,Yes  it is a valid qualification.,Admissions
Which F.Sc streams can apply to BIIT?,Pre-Engineering and Pre-Medical.,Admissions
Are diplomas valid for BIIT admissions?,Yes  if they are equal to Intermediate or A-levels.,Admissions
Do I need more than grades for BIIT?,Yes  documents and maybe a test are needed.,Admissions
How does BIIT calculate percentages?,They use marks from main subjects.,Admissions
Can commerce students get into BIIT?,Yes  if they meet the minimum requirements.,Admissions
Does BIIT have an age limit for applicants?,No  there no strict age limit.,Admissions
What papers are needed for BIIT admission?,You need certificates  and ID.,Admissions
Does BIIT count O-level marks?,Yes  but A-levels or Intermediate matter more.,Admissions
Is there a test for BIIT programs?,Some programs may need a test.,Admissions
Can students without results apply?,Yes  they can apply conditionally.,Admissions
How does BIIT verify education?,They check original papers and attestations.,Admissions
Which boards does BIIT accept?,BIIT accepts HEC-approved boards.,Admissions
Are international A-levels okay for BIIT?,Yes  if recognized.,Admissions
What if I donate qualify for BIIT?,Try improving your marks or find another program.,Admissions
Can I fight a rejection at BIIT?,Yes   send more documents or details.,Admissions
What is the total fee payable at the time of admission to BIIT?,The total fee payable at the time of admission to BIIT is 99000 including admission and semester fees,Fee
How much is the admission fee for BIIT?,The admission fee for BIIT is 25000,Fee
Is the admission fee at BIIT a one-time payment?,Yes the admission fee is a one-time payment,Fee
What is the tuition fee for the first semester at BIIT?,The tuition fee for the first semester at BIIT is 74000,Fee
Are there any additional fees besides the admission and first semester tuition fee?,No there are no additional fees apart from the admission and semester fees,Fee
Can I pay the admission fee in installments?,No the admission fee must be paid in full,Fee
What is included in the total fee of Rs 99000 for admission to BIIT?,The total fee includes admission fee semester fee and other administrative charges,Fee
Is the tuition fee subject to change in subsequent semesters?,Yes the tuition fee may vary slightly in subsequent semesters,Fee
Are there any discounts available for early payment of fees at BIIT?,No there are no discounts for early payment of fees,Fee
How do I make the fee payment for admission to BIIT?,Fee payment can be made via bank transfer or by visiting the accounts office,Fee
What payment methods are accepted for the admission fee at BIIT?,Payments can be made through cash bank transfer or online payment portals,Fee
Will my admission fee be refunded if I decide not to enroll at BIIT?,No the admission fee is non-refundable,Fee
Are there any additional costs I should be aware of when applying to BIIT?,No additional costs are expected apart from the official fee structure,Fee
Can I get a fee receipt after paying the admission fee at BIIT?,Yes a fee receipt will be issued after payment is confirmed,Fee
What happens if I fail to pay the first semester tuition fee on time?,A late fee may be imposed and enrollment could be delayed,Fee
Are there any scholarships available that can help cover my tuition fees at BIIT?,Yes scholarships are available based on academic performance and financial need,Fee
Does BIIT offer any financial aid options for students?,Yes BIIT offers financial aid options for deserving students,Fee
How often do I need to pay tuition fees at BIIT?,Tuition fees need to be paid at the beginning of each semester,Fee
What is the procedure if I want to appeal for a fee waiver at BIIT?,You can submit a formal application to the accounts office along with supporting documents,Fee
Is the admission fee for BIIT the same for all degree programs?,Yes the admission fee is the same for all degree programs,Fee
What is the deadline for paying the admission fee to secure my spot at BIIT?,The deadline is typically mentioned in the admission offer letter,Fee
How can I find detailed information about the fee structure for other semesters?,Detailed fee structure can be accessed through the BIIT website or accounts office,Fee
Will I be notified of any changes to the fee structure at BIIT?,Yes any changes to the fee structure will be officially communicated,Fee
Are there any hidden fees that I should be aware of before applying to BIIT?,No there are no hidden fees at BIIT,Fee
How does BIIT determine the fee structure for its programs?,Fee structure is determined by the management based on program costs and market standards,Fee
Can I pay my tuition fees using a credit card?,Yes tuition fees can be paid using a credit card,Fee
Is there a separate fee for laboratory or practical sessions at BIIT?,Yes laboratory fees may be applicable for specific courses,Fee
Are there any penalties for late payment of tuition fees at BIIT?,Yes penalties are imposed for late payments,Fee
Will I receive a fee schedule upon admission to BIIT?,Yes you will receive a detailed fee schedule after admission,Fee
How do I access my fee payment history at BIIT?,Fee payment history can be accessed through the student portal or the accounts office,Fee
Can I transfer my fees to another program if I change my mind about my major at BIIT?,No fees cannot be transferred to another program,Fee
Are tuition fees at BIIT higher for international students?,No tuition fees are the same for all students,Fee
Is there a specific office I can contact for fee-related inquiries at BIIT?,Yes the accounts office handles all fee-related inquiries,Fee
Do I need to pay a separate fee for textbooks and materials at BIIT?,Yes textbooks and materials may have separate costs,Fee
How do I apply for a scholarship to cover my fees at BIIT?,You can apply for scholarships through the student portal or the admissions office,Fee
What is the process for fee payment if I am a foreign student?,Foreign students can pay via international bank transfer,Fee
Are there installment plans available for paying tuition fees at BIIT?,Yes installment plans are available for tuition fees,Fee
How can I appeal for a reduction in my tuition fees at BIIT?,You can submit a fee reduction request with proof of financial hardship,Fee
Can I get a discount on my tuition fee if I am a sibling of a current student at BIIT?,Yes sibling discounts are available,Fee
Are all fees refundable if I withdraw from the program at BIIT?,No only certain fees are refundable depending on the withdrawal policy,Fee
What are the consequences of not paying my fees on time at BIIT?,Your enrollment may be suspended and you may face penalties,Fee
How does BIIT handle fee payment for students facing financial difficulties?,BIIT provides financial aid and installment options for such students,Fee
Is there a fee for re-enrollment if I take a semester off?,Yes a re-enrollment fee may apply,Fee
How often does BIIT review its fee structure?,BIIT reviews its fee structure annually,Fee
Are there any opportunities for work-study programs to help cover fees at BIIT?,Yes work-study programs are available for eligible students,Fee
How will I know if my fee payment has been processed successfully at BIIT?,You will receive a confirmation receipt and notification,Fee
Are there any fees associated with extracurricular activities at BIIT?,Yes minimal fees may apply for certain extracurricular activities,Fee
Will I receive a financial aid package upon admission to BIIT?,Financial aid packages are available upon application and approval,Fee
What should I do if I believe I was charged the wrong amount for my fees at BIIT?,Contact the accounts office to resolve any discrepancies,Fee
Can I use my financial aid to cover my admission fee at BIIT?,Yes financial aid can be used to cover admission fees,Fee
How is the admission fee utilized by BIIT?,Admission fees cover administrative and processing costs,Fee
Are tuition fees at BIIT the same for all semesters?,No tuition fees may vary slightly for each semester,Fee
How does BIIT ensure transparency in its fee structure?,BIIT ensures transparency by publicly sharing fee details on its website,Fee
Are there any application fees in addition to the admission fee at BIIT?,Yes an application fee is required during the application process,Fee
Is there a fee for late registration at BIIT?,Yes late registration fees are applicable,Fee
How does BIIT handle fee payment for part-time students?,Part-time students are charged on a per-credit basis,Fee
What is the policy for fee refunds in case of program cancellation at BIIT?,Full refunds are provided in case of program cancellation,Fee
Can I pay my tuition fees online?,Yes online payment options are available,Fee
Are there any fees for accessing online resources or materials at BIIT?,No online resources are included in the tuition fees,Fee
How do I find out if there are any fee waivers available for my program?,Fee waivers can be checked through the admissions or accounts office,Fee
Is the admission fee different for different programs at BIIT?,No admission fees are the same for all programs,Fee
Can I negotiate my tuition fees if I have financial issues?,Yes you can submit a formal request for consideration,Fee
Will I need to pay a security deposit when enrolling at BIIT?,Yes a security deposit is required and is refundable,Fee
What happens to my fees if I defer my admission to a later semester at BIIT?,Your fees can be adjusted to the next semester,Fee
Are there specific dates for fee payments that I need to be aware of?,Yes fee payment dates are communicated during admission,Fee
Can I appeal for a fee refund if I have medical issues?,Yes fee refunds can be requested for medical issues with proof,Fee
How does BIIT support students who struggle with fee payments?,BIIT offers financial aid scholarships and flexible payment options,Fee
What steps should I take if I want to withdraw from my program after paying fees?,"Contact the administration office to initiate the withdrawal process",Fee
How can I check if my fee payment was processed?,"Visit the student portal or contact the finance office for confirmation",Fee
Are there any fees for changing my course or program at BIIT?,"Yes additional charges may apply. Check with the administration office",Fee
Can I receive a breakdown of how my tuition fees are allocated at BIIT?,"Request the breakdown from the finance office",Fee
Are there any scholarships for students from low-income families at BIIT?,"Yes scholarships are available. Contact the financial aid office",Fee
What is the process for submitting a financial aid application at BIIT?,"Complete the application form and submit it to the financial aid office",Fee
Will I receive a notification if my tuition fee is due soon?,"Notifications are sent via email or through the student portal",Fee
Are there any early bird discounts for paying fees at BIIT?,"Yes early payment discounts are available. Confirm with the finance office",Fee
How can I appeal if I am charged incorrectly for my tuition fees?,"Submit an appeal with relevant documents to the finance office",Fee
Is there a separate fee for graduation ceremonies at BIIT?,"Yes a fee is charged for graduation ceremonies",Fee
What is the procedure for fee payment for international students?,"International students can contact the finance office for specific guidelines",Fee
Are there any financial literacy workshops offered by BIIT for students?,"Yes workshops are available. Contact the student affairs office",Fee
Is there a fee for orientation programs at BIIT?,"Yes an orientation program fee may apply. Check with the student affairs office",Fee
How does BIIT communicate any changes in the fee structure to students?,"Changes are communicated via email and posted on the student portal",Fee
Are there installment payment options for the tuition fee at BIIT?,"Yes installment plans are available. Contact the finance office for details",Fee
Can I pay my tuition fees through bank transfer?,"Yes payments can be made via bank transfer. Get bank details from the finance office",Fee
What documentation is required for financial aid applications at BIIT?,"Documents include proof of income, ID, and academic records. Check with financial aid office",Fee
Are there any hidden costs associated with student activities at BIIT?,"Some activities may have additional costs. Inquire with the student affairs office",Fee
How can I ensure that my fees are paid on time each semester?,"Set reminders or enroll in automatic payment options through the student portal",Fee
Is there a fee for using campus facilities like libraries or labs?,"No additional fees are charged for library or lab access",Fee
Can I use scholarships to cover my admission fee?,"Yes in some cases scholarships may cover the admission fee. Confirm with the finance office",Fee
Are there any penalties for not paying the admission fee on time at BIIT?,"Yes late fees or penalties may apply. Check the student portal for details",Fee
How does BIIT calculate tuition fees for different degree programs?,"Fees are based on credit hours. Contact the finance office for specific details",Fee
Will I receive a confirmation email after paying my fees at BIIT?,"Yes a confirmation email is sent after payment is processed",Fee
Are there any payment plans available for students facing financial hardship?,"Yes students can apply for deferred payment plans through the financial aid office",Fee
Is there a financial aid office at BIIT that I can contact for help?,"Yes the financial aid office is available for assistance with fees and scholarships",Fee
Can I appeal my financial aid decision if I feel I qualify?,"Yes appeals can be made through the financial aid office",Fee
What is the late fee for tuition payments at BIIT?,"The late fee varies. Check with the finance office for the current rate",Fee
Are there any fees for accessing counseling or mental health services at BIIT?,"No counseling services are free of charge",Fee
How can I update my payment information if my financial situation changes?,"You can update your information through the student portal or by contacting the finance office",Fee
What is the policy for tuition fee refunds if I withdraw from a course?,"Refunds are available based on the withdrawal timeline. Check with the finance office",Fee
How does BIIT support students with disabilities in managing their fees?,"BIIT offers financial support for students with disabilities. Contact the student affairs office",Fee
Can I access my fee payment information through the BIIT student portal?,"Yes you can view all fee payment history through the student portal",Fee
What is the affiliation of Barani Institute of Information Technology?,"BIIT is affiliated with PMAS-Arid Agriculture University Rawalpindi",Affiliation
How does BIIT's affiliation with PMAS-Arid Agriculture University benefit students?,"It provides access to additional resources, research opportunities, and a recognized degree",Affiliation
What are the advantages of studying at an institution affiliated with a recognized university?,"Students benefit from a well-regarded curriculum, research opportunities, and global recognition",Affiliation
How does the affiliation influence the curriculum at BIIT?,"The affiliation ensures that BIIT follows the academic guidelines and standards set by PMAS-AAUR",Affiliation
Are there specific programs offered through the affiliation that are unique to BIIT?,"Yes some programs are jointly designed and offered under the affiliation",Affiliation
What opportunities for collaboration exist between BIIT and PMAS-Arid Agriculture University?,"There are opportunities for research collaboration, internships, and joint degree programs",Affiliation
How does the affiliation impact the recognition of degrees awarded by BIIT?,"Degrees from BIIT are recognized internationally due to the affiliation with PMAS-AAUR",Affiliation
Are there additional resources available to students due to BIIT's affiliation with PMAS-Arid Agriculture University?,"Yes students have access to additional research facilities, library resources, and faculty expertise",Affiliation
How can students get involved in university-wide events due to the affiliation?,"Students can participate in conferences, seminars, and events organized by PMAS-AAUR",Affiliation
What role does the affiliation play in research opportunities for students?,"It opens doors to collaborative research projects and access to advanced research facilities",Affiliation
Are there any specific policies related to the affiliation that students should be aware of?,"Students must adhere to both BIIT's and PMAS-AAUR's policies for academic and research activities",Affiliation
How does the affiliation affect transfer processes for students from other institutions?,"The affiliation ensures smooth credit transfer processes with recognized institutions",Affiliation
What types of support services are available through the affiliated university?,"Students can access career counseling, academic advising, and research support",Affiliation
Can students participate in extracurricular activities organized by the affiliated university?,"Yes students can participate in a wide range of extracurricular activities",Affiliation
What are the implications of the affiliation for graduates seeking employment?,"The affiliation enhances job prospects due to the recognition of degrees from PMAS-AAUR",Affiliation
How does the affiliation enhance the academic reputation of BIIT?,"The affiliation boosts BIIT's credibility and academic standing in the education sector",Affiliation
Are there joint degree programs available through the affiliation?,"Yes BIIT offers joint degree programs with PMAS-Arid Agriculture University",Affiliation
How does BIIT's affiliation affect student tuition fees?,"Tuition fees are set according to the affiliation guidelines but remain competitive",Affiliation
What are the benefits of the affiliation for faculty members at BIIT?,"Faculty members can access resources for research and collaboration with PMAS-AAUR",Affiliation
How does the affiliation influence academic advising at BIIT?,"Academic advising is aligned with both BIIT's and PMAS-AAUR's academic standards",Affiliation
Are there opportunities for internships through the affiliated university?,"Yes internships are available through collaborations with PMAS-AAUR and its partner organizations",Affiliation
How can students benefit from the research facilities at PMAS-Arid Agriculture University?,"Students can use the university's advanced laboratories and research centers",Affiliation
What impact does the affiliation have on student scholarships?,"The affiliation provides access to additional scholarship opportunities for BIIT students",Affiliation
Are there any partnerships with industry as a result of the affiliation?,"Yes PMAS-AAUR's industry connections are accessible to BIIT students for internships and employment",Affiliation
How does the affiliation contribute to community outreach programs?,"The affiliation allows BIIT students to participate in community service projects organized by PMAS-AAUR",Affiliation
Can students attend lectures or workshops held at the affiliated university?,"Yes students can attend academic lectures and workshops hosted by PMAS-AAUR",Affiliation
How is student feedback regarding the affiliation utilized?,"Student feedback is collected and used to improve the collaborative efforts between BIIT and PMAS-AAUR",Affiliation
Are there alumni networks available for students through the affiliation?,"Yes students can connect with alumni from both BIIT and PMAS-AAUR",Affiliation
What are the admission requirements for students wishing to transfer to BIIT from other institutions?,"Students must meet the required academic criteria and provide transcripts for evaluation",Affiliation
How does the affiliation enhance the quality of teaching at BIIT?,"Faculty can access more professional development opportunities and teaching resources",Affiliation
Are there any exclusive scholarships for students affiliated with PMAS-AAUR?,"Yes specific scholarships are available for students affiliated with PMAS-AAUR",Affiliation
How does the affiliation influence the grading system at BIIT?,"The grading system follows guidelines set by PMAS-AAUR",Affiliation
Are there any international collaborations due to the affiliation?,"Yes BIIT has access to international research and academic collaborations through PMAS-AAUR",Affiliation
How does the affiliation facilitate faculty exchange programs?,"PMAS-AAUR organizes faculty exchange programs that benefit BIIT faculty members",Affiliation
What role does the affiliation play in promoting innovation and entrepreneurship?,"The affiliation supports innovation through joint research projects and entrepreneurship programs",Affiliation
How does the affiliation impact the availability of study materials?,"Students have access to a wider range of study materials from both BIIT and PMAS-AAUR",Affiliation
Are there specific workshops or seminars offered through the affiliation?,"Yes workshops and seminars are organized by PMAS-AAUR and are open to BIIT students",Affiliation
How can students access the library resources of PMAS-Arid Agriculture University?,"Students can access PMAS-AAUR's library resources with their student ID",Affiliation
What role does the affiliation play in organizing academic conferences?,"PMAS-AAUR organizes conferences where BIIT students can present research",Affiliation
How does the affiliation enhance networking opportunities for students?,"It provides students with access to a broader network of professionals and academics",Affiliation
Are there opportunities for cross-disciplinary studies due to the affiliation?,"Yes cross-disciplinary studies are promoted through collaborative programs",Affiliation
How does the affiliation contribute to the overall campus culture at BIIT?,"The affiliation brings a diverse academic and cultural influence to BIIT",Affiliation
Can students from BIIT participate in research projects at PMAS-AAUR?,"Yes BIIT students can collaborate on research projects with PMAS-AAUR faculty",Affiliation
How does the affiliation affect the curriculum development process?,"The affiliation allows for curriculum development that aligns with PMAS-AAUR's academic standards",Affiliation
What are the consequences of changing the affiliation for current students?,"Changing affiliation may affect degree recognition and academic programs",Affiliation
How does the affiliation support career services for BIIT students?,"Career services are strengthened through PMAS-AAUR's industry connections",Affiliation
Are there any specific requirements for faculty due to the affiliation?,"Faculty must meet the academic and professional criteria set by both BIIT and PMAS-AAUR",Affiliation
How does the affiliation influence the student life experience at BIIT?,"The affiliation enriches student life through diverse academic and extracurricular activities",Affiliation
Can BIIT students access health services at PMAS-Arid Agriculture University?,"Yes health services are available to BIIT students through the affiliation",Affiliation
How does the affiliation impact the development of new academic programs at BIIT?,"New academic programs are developed in collaboration with PMAS-AAUR to align with industry trends",Affiliation
